,City,Cloudiness,Country,Date,Humidity,Lat.,Lng.,Max Temp,Wind Speed
0,vostok,76,RU,1580015416,80,46.49,135.88,7.09,7.49
1,poplar bluff,1,US,1580015818,75,36.76,-90.39,41.0,1.3
2,new norfolk,75,AU,1580015930,30,-42.78,147.06,69.8,21.92
3,hervey bay,40,AU,1580015930,43,-25.3,152.85,88.0,11.41
4,high level,90,CA,1580015931,100,58.52,-117.14,17.6,9.17
5,puerto ayora,33,EC,1580015931,26,-0.74,-90.35,75.0,12.55
6,san carlos,37,VE,1580015931,57,9.66,-68.58,73.78,3.22
7,chuy,1,UY,1580015931,82,-33.7,-53.46,64.38,2.93
8,victoria,20,HK,1580015309,77,22.29,114.16,64.99,9.17
9,rikitea,24,PF,1580015931,78,-23.12,-134.97,78.73,11.1
10,bluff,79,NZ,1580015931,58,-46.6,168.33,69.01,11.01
11,nohar,0,IN,1580015931,34,29.18,74.77,68.43,1.86
12,clyde river,1,CA,1580015931,60,70.47,-68.59,-25.6,10.29
13,coahuayana,81,MX,1580015932,89,18.73,-103.68,67.37,4.54
14,galle,98,LK,1580015932,81,6.04,80.22,79.36,6.31
15,lukovetskiy,40,RU,1580015932,83,64.3,41.92,-9.4,2.73
16,mar del plata,0,AR,1580015719,76,-38.0,-57.56,64.0,1.32
17,akhmim,0,EG,1580015932,50,26.56,31.75,42.8,3.36
18,bonthe,23,SL,1580015692,95,7.53,-12.51,73.65,5.55
19,punta arenas,20,CL,1580015932,70,-53.15,-70.92,48.2,12.75
20,busselton,99,AU,1580015904,19,-33.65,115.33,93.99,17.54
21,mazagao,75,BR,1580015932,100,-0.12,-51.29,78.8,13.87
22,chengde,0,CN,1580015775,47,40.97,117.94,30.81,0.87
23,jamestown,90,US,1580015933,100,42.1,-79.24,33.8,14.99
24,khatanga,57,RU,1580015916,98,71.97,102.5,-21.73,3.04
25,tuktoyaktuk,90,CA,1580015933,75,69.45,-133.04,-14.8,24.16
26,vaini,90,TO,1580015933,94,-21.2,-175.2,78.8,9.17
27,tarakan,28,ID,1580015933,76,3.3,117.63,83.68,6.11
28,dikson,100,RU,1580015933,96,73.51,80.55,-4.9,3.65
29,vila franca do campo,40,PT,1580015925,82,37.72,-25.43,57.2,2.24
30,east london,20,ZA,1580015934,83,-33.02,27.91,71.6,13.87
31,richards bay,1,ZA,1580015934,77,-28.78,32.04,78.94,22.84
32,lata,40,PT,1580015352,100,40.16,-8.33,48.99,2.24
33,kapaa,75,US,1580015934,69,22.08,-159.32,77.0,3.36
34,coihaique,4,CL,1580015934,50,-45.58,-72.07,57.2,3.36
35,bilma,51,NE,1580015934,17,18.69,12.92,56.26,9.19
36,hobart,77,AU,1580015764,30,-42.88,147.33,70.0,21.92
37,cidreira,41,BR,1580015934,58,-30.18,-50.21,76.05,7.02
38,lorengau,61,PG,1580015935,71,-2.02,147.27,85.14,9.78
39,mataura,69,NZ,1580015935,58,-46.19,168.86,69.01,11.01
40,aklavik,90,CA,1580015935,68,68.22,-135.01,-14.8,9.17
41,madang,20,PG,1580015935,78,-5.22,145.8,84.18,9.91
42,nome,1,US,1580015374,75,64.5,-165.41,-18.4,8.72
43,sur,13,OM,1580015743,58,22.57,59.53,74.91,6.69
44,torbay,5,CA,1580015935,85,47.67,-52.73,21.0,13.87
45,tyret pervaya,88,RU,1580015935,85,53.67,102.31,20.25,5.86
46,corinto,20,GR,1580015936,93,37.94,22.96,52.0,1.81
47,port macquarie,67,AU,1580015936,55,-31.43,152.92,86.0,14.99
48,butaritari,99,KI,1580015936,72,3.07,172.79,85.71,8.84
49,ribeira grande,100,PT,1580015936,72,38.52,-28.7,54.16,3.51
50,launceston,40,AU,1580015916,37,-41.45,147.17,75.0,17.22
51,road town,90,VG,1580015936,74,18.42,-64.62,78.8,11.41
52,ushuaia,72,AR,1580015936,96,-54.8,-68.3,35.38,5.95
53,lebu,1,CL,1580015936,92,-37.62,-73.65,59.67,6.4
54,khuzdar,0,PK,1580015936,32,27.74,66.64,54.64,2.73
55,deputatskiy,58,RU,1580015340,100,69.3,139.9,-40.81,0.58
56,hithadhoo,100,MV,1580015929,79,-0.6,73.08,83.01,12.75
57,sao filipe,13,CV,1580015937,63,14.9,-24.5,74.46,17.58
58,kaitangata,52,NZ,1580015937,86,-46.28,169.85,58.24,11.54
59,thinadhoo,95,MV,1580015421,79,0.53,72.93,82.69,15.39
60,marilandia,100,BR,1580015937,98,-19.41,-40.54,71.6,2.19
61,kilindoni,100,TZ,1580015937,86,-7.91,39.67,78.55,5.26
62,bambous virieux,40,MU,1580015937,78,-20.34,57.76,82.0,14.99
63,barra dos coqueiros,40,BR,1580015937,83,-10.91,-37.04,82.4,9.17
64,ponta do sol,40,PT,1580015938,71,32.67,-17.1,57.2,3.36
65,hilo,90,US,1580015938,65,19.73,-155.09,77.0,3.36
66,ternate,74,ID,1580015938,68,0.8,127.4,84.2,5.48
67,touros,75,BR,1580015938,94,-5.2,-35.46,78.8,3.36
68,qaanaaq,58,GL,1580015938,46,77.48,-69.36,-12.08,4.68
69,sukumo,100,JP,1580015938,85,32.93,132.73,52.32,3.4
70,caravelas,100,BR,1580015364,87,-17.71,-39.25,79.93,19.98
71,maniitsoq,100,GL,1580015938,78,65.42,-52.9,12.56,9.44
72,cap-aux-meules,80,CA,1580015938,82,47.38,-61.86,28.33,13.35
73,tasiilaq,100,GL,1580015939,86,65.61,-37.64,26.6,31.09
74,omsukchan,100,RU,1580015939,99,62.53,155.8,-27.22,9.35
75,adeje,20,ES,1580015939,51,28.12,-16.73,60.8,10.29
76,lagoa,100,PT,1580015939,64,39.05,-27.98,57.9,8.25
77,albany,90,US,1580015930,86,42.6,-73.97,37.99,6.73
78,olafsvik,88,IS,1580015939,84,64.89,-23.71,33.42,28.27
79,novomykolayivka,75,UA,1580015939,92,47.98,35.91,30.2,4.47
80,padang,95,ID,1580015939,90,-0.95,100.35,76.01,1.57
81,tazovskiy,80,RU,1580015940,97,67.47,78.7,-6.02,6.44
82,gat,0,IL,1580015379,81,31.61,34.76,44.01,2.24
83,biak,25,ID,1580015940,72,-0.91,122.88,84.02,6.33
84,clifton,1,US,1580015712,86,40.86,-74.16,43.0,5.82
85,saint-philippe,90,RE,1580015940,74,-21.36,55.77,84.2,11.41
86,vikulovo,100,RU,1580015940,91,56.82,70.61,17.29,12.71
87,provideniya,0,RU,1580015940,72,64.38,-173.3,-5.12,4.07
88,male,75,MV,1580015763,66,4.17,73.51,84.2,11.41
89,tuatapere,99,NZ,1580015941,58,-46.13,167.68,69.01,11.01
90,namibe,56,AO,1580015941,72,-15.2,12.15,74.61,10.11
91,omboue,9,GA,1580015826,95,-1.57,9.26,76.1,1.9
92,cape town,40,ZA,1580015882,67,-33.93,18.42,64.99,9.17
93,atar,100,MR,1580015941,24,20.52,-13.05,69.84,9.42
94,nikolskoye,100,RU,1580015941,86,59.7,30.79,30.99,4.47
95,buchanan,20,LR,1580015941,94,5.88,-10.05,75.2,3.91
96,chokurdakh,100,RU,1580015942,89,70.63,147.92,-21.73,7.47
97,faanui,82,PF,1580015942,75,-16.48,-151.75,82.58,11.36
98,port alfred,90,ZA,1580015942,89,-33.59,26.89,69.01,8.99
99,georgetown,20,MY,1580015904,52,5.41,100.34,91.4,11.41
100,hermanus,41,ZA,1580015942,80,-34.42,19.23,63.0,10.0
101,ler,49,SS,1580015942,12,8.3,30.14,72.75,12.33
102,talnakh,75,RU,1580015942,77,69.49,88.4,5.0,11.18
103,norman wells,40,CA,1580015942,69,65.28,-126.83,-13.0,10.29
104,manturovo,100,RU,1580015942,88,58.34,44.76,13.82,10.22
105,nchelenge,99,ZM,1580015943,96,-9.35,28.73,68.4,7.67
106,chumikan,0,RU,1580015943,71,54.72,135.31,-3.12,18.9
107,redmond,75,US,1580015313,100,47.67,-122.12,48.2,2.66
108,bandar-e anzali,0,IR,1580015943,93,37.47,49.46,35.6,4.25
109,gerede,55,TR,1580015943,48,40.8,32.2,32.41,4.45
110,bethel,90,US,1580015943,93,41.37,-73.41,44.01,8.05
111,aykhal,100,RU,1580015358,74,66.0,111.5,-25.6,6.71
112,itamarandiba,100,BR,1580015853,99,-17.86,-42.86,65.86,7.16
113,vestmannaeyjar,94,IS,1580015944,75,63.44,-20.27,39.97,27.02
114,jiwani,90,PK,1580015944,68,25.05,61.74,68.88,8.32
115,cherskiy,100,RU,1580015944,96,68.75,161.3,-15.9,3.58
116,estelle,90,US,1580015734,66,29.85,-90.11,55.4,6.93
117,ancud,50,CL,1580015376,100,-41.87,-73.82,55.4,3.36
118,severo-kurilsk,100,RU,1580015944,91,50.68,156.12,18.32,39.88
119,nangwa,100,TZ,1580015945,89,-4.47,35.45,65.55,8.88
120,takayama,75,JP,1580015945,43,36.13,137.25,51.01,11.41
121,sola,52,VU,1580015945,75,-13.88,167.55,83.59,9.98
122,port elizabeth,20,ZA,1580015945,77,-33.92,25.57,68.0,24.16
123,aktau,40,KZ,1580015945,70,43.65,51.2,42.8,20.13
124,sirjan,34,IR,1580015945,65,29.45,55.68,38.48,9.19
125,thompson,90,CA,1580015945,92,55.74,-97.86,17.6,8.05
126,lastoursville,70,GA,1580015946,82,-0.81,12.73,73.51,1.16
127,matagami,90,CA,1580015946,92,49.75,-77.63,28.4,3.36
128,birobidzhan,0,RU,1580015946,78,48.8,132.95,9.73,3.71
129,chongwe,0,ZM,1580015946,93,-15.33,28.68,60.8,1.12
130,san luis,0,AR,1580015946,23,-33.3,-66.34,81.81,16.69
131,vila velha,75,BR,1580015818,100,-20.33,-40.29,71.6,3.36
132,juneau,90,US,1580015757,97,58.3,-134.42,32.0,4.7
133,vineland,75,US,1580015761,93,39.49,-75.03,42.01,4.7
134,liepaja,55,LV,1580015947,93,56.54,21.04,42.8,18.34
135,mahebourg,40,MU,1580015947,78,-20.41,57.7,82.99,14.99
136,naguilian,89,PH,1580015947,69,17.02,121.84,84.52,1.9
137,bonfim,83,BR,1580015947,69,3.08,-59.95,78.1,5.46
138,belmonte,75,BR,1580015947,83,-15.86,-38.88,80.6,10.29
139,ayagoz,100,KZ,1580015947,93,47.97,80.44,22.6,11.32
140,kahului,20,US,1580015947,65,20.89,-156.47,78.8,12.75
141,barrow,75,US,1580015679,75,71.29,-156.79,-20.2,10.29
142,chatham,75,GB,1580015947,93,51.38,0.53,46.99,6.93
143,ohringen,90,DE,1580015948,92,49.2,9.5,33.01,2.48
144,arraial do cabo,0,BR,1580015948,83,-22.97,-42.03,75.2,9.17
145,lamu,100,KE,1580015948,85,-2.27,40.9,81.66,8.37
146,san carlos de bariloche,100,AR,1580015700,93,-41.15,-71.31,50.92,9.13
147,carnarvon,6,AU,1580015948,62,-24.87,113.63,86.0,19.46
148,hailey,90,US,1580015948,86,43.52,-114.32,28.4,6.93
149,sorong,70,ID,1580015948,57,-0.88,131.25,89.8,5.99
150,inirida,78,CO,1580015949,86,3.87,-67.92,77.68,3.94
151,shelburne,90,CA,1580015423,92,44.08,-80.2,35.6,8.05
152,port hardy,90,CA,1580015949,81,50.7,-127.42,46.4,21.92
153,komatipoort,29,ZA,1580015949,93,-25.43,31.95,73.0,8.14
154,isangel,48,VU,1580015949,84,-19.55,169.27,78.08,15.75
155,pahrump,1,US,1580015716,39,36.21,-115.98,50.0,2.57
156,kruisfontein,95,ZA,1580015391,78,-34.0,24.73,62.53,21.52
157,pakxe,40,LA,1580015949,65,15.12,105.78,80.6,9.17
158,port augusta,0,AU,1580015949,60,-32.5,137.77,96.01,16.11
159,korla,16,CN,1580015950,47,41.76,86.15,21.22,3.69
160,berezovyy,1,RU,1580015950,64,51.67,135.7,5.68,6.64
161,altay,100,CN,1580015926,81,47.87,88.12,20.23,4.54
162,acajutla,0,SV,1580015950,89,13.59,-89.83,69.01,1.01
163,odweyne,79,SO,1580015950,60,9.41,45.06,74.03,19.62
164,avarua,100,CK,1580015950,88,-21.21,-159.78,80.6,9.17
165,aswan,0,EG,1580015950,67,24.09,32.91,44.6,11.41
166,chapais,90,CA,1580015950,85,49.78,-74.85,23.0,8.05
167,cayhagan,8,PH,1580015951,75,9.67,122.43,82.15,6.51
168,krasnoye,96,UA,1580015951,92,49.91,24.61,23.0,4.25
169,aras,75,ES,1580015951,100,42.56,-2.36,45.0,4.7
170,jalu,42,LY,1580015951,49,29.03,21.55,49.86,11.03
171,rurrenabaque,24,BO,1580015951,93,-14.44,-67.53,72.39,1.83
172,port hedland,0,AU,1580015932,10,-20.32,118.57,109.4,9.17
173,dwarka,0,IN,1580015867,72,22.24,68.97,72.64,8.23
174,mudbidri,4,IN,1580015951,51,13.08,74.98,80.6,4.7
175,bay roberts,5,CA,1580015659,85,47.6,-53.26,21.0,13.87
176,makakilo city,20,US,1580015736,61,21.35,-158.09,78.8,4.7
177,bredasdorp,69,ZA,1580015952,77,-34.53,20.04,63.0,12.75
178,crib point,60,AU,1580015936,65,-38.35,145.2,78.01,16.98
179,iqaluit,5,CA,1580015952,60,63.75,-68.51,-29.0,12.75
180,gisborne,0,NZ,1580015952,70,-38.65,178.0,80.01,4.0
181,beringovskiy,100,RU,1580015921,85,63.05,179.32,15.48,8.14
182,praia,75,CV,1580015952,78,14.92,-23.51,73.4,17.22
183,risti,90,EE,1580015953,93,59.0,24.06,39.0,14.99
184,turukhansk,99,RU,1580015727,95,65.82,87.98,2.88,6.85
185,mount isa,96,AU,1580015953,83,-20.73,139.5,84.2,5.82
186,pontianak,75,ID,1580015695,62,-0.03,109.33,89.6,3.36
187,liverpool,40,GB,1580015953,100,53.41,-2.98,46.0,10.29
188,sendafa,99,ET,1580015953,80,9.15,39.03,56.64,6.35
189,walvis bay,0,NA,1580015953,93,-22.96,14.51,63.0,5.82
190,kavaratti,20,IN,1580015406,74,10.57,72.64,84.2,2.91
191,acari,100,PE,1580015954,91,-15.43,-74.62,66.58,3.69
192,karimpur,0,IN,1580015954,35,23.97,88.62,70.38,7.11
193,svetlogorsk,51,BY,1580015954,95,52.63,29.73,32.09,8.57
194,guerrero negro,0,MX,1580015766,80,27.98,-114.06,60.73,4.47
195,tiksi,0,RU,1580015914,67,71.69,128.87,-29.25,4.21
196,arlit,10,NE,1580015725,12,18.74,7.39,63.3,8.46
197,miyako,46,JP,1580015954,52,39.64,141.95,33.94,4.74
198,roma,90,US,1580015867,100,43.21,-75.46,36.0,4.7
199,upernavik,93,GL,1580015955,95,72.79,-56.15,-16.62,7.29
200,te anau,85,NZ,1580015734,75,-45.42,167.72,63.28,7.18
201,narsaq,58,GL,1580015955,66,60.92,-46.05,12.2,4.59
202,veinticinco de mayo,50,AR,1580015955,47,-35.43,-60.17,66.51,8.93
203,belaya gora,100,RU,1580015955,98,68.53,146.42,-24.83,1.81
204,xingcheng,1,CN,1580015955,29,40.62,120.72,33.91,5.97
205,yaan,51,NG,1580015955,15,7.38,8.57,65.07,5.21
206,pangody,82,RU,1580015955,99,65.85,74.49,-7.1,3.18
207,lompoc,90,US,1580015941,93,34.64,-120.46,55.99,9.17
208,semporna,75,MY,1580015956,70,4.48,118.61,89.6,9.17
209,axim,26,GH,1580015956,94,4.87,-2.24,72.86,0.45
210,piranhas,95,BR,1580015956,99,-16.43,-51.82,69.17,2.13
211,poum,100,NC,1580015956,81,-20.23,164.02,79.88,20.11
212,huarmey,100,PE,1580015372,71,-10.07,-78.15,73.81,0.76
213,bubaque,96,GW,1580015956,70,11.28,-15.83,77.43,5.32
214,banda aceh,73,ID,1580015841,47,5.56,95.32,88.32,7.72
215,hamilton,90,US,1580015670,86,39.18,-84.53,34.0,9.17
216,naze,75,JP,1580015957,88,28.37,129.48,68.0,19.46
217,poli,75,TZ,1580015957,93,-3.33,36.8,68.0,3.36
218,yellowknife,90,CA,1580015957,85,62.46,-114.35,10.4,6.93
219,tual,81,ID,1580015957,69,-5.67,132.75,84.56,8.79
220,geraldton,7,AU,1580015957,48,-28.77,114.6,86.0,13.87
221,mgachi,4,RU,1580015957,87,51.05,142.27,-4.11,4.59
222,alofi,12,NU,1580015376,83,-19.06,-169.92,82.4,10.29
223,kanashevo,90,RU,1580015957,92,55.22,62.06,17.6,6.71
224,cayenne,97,GF,1580015708,100,4.93,-52.33,75.2,2.24
225,umm lajj,0,SA,1580015958,29,25.02,37.27,52.84,12.97
226,ilulissat,47,GL,1580015369,42,69.22,-51.1,6.8,13.87
227,san javier,82,ES,1580015958,100,37.81,-0.84,48.99,6.93
228,hasaki,75,JP,1580015958,86,35.73,140.83,46.0,5.82
229,dudinka,75,RU,1580015958,77,69.41,86.18,5.0,11.18
230,paralimni,20,CY,1580015959,86,35.04,33.98,42.01,4.7
231,faya,0,SA,1580015959,52,18.39,42.45,44.6,9.17
232,bonavista,35,CA,1580015959,81,48.65,-53.11,21.0,11.01
233,tanout,7,NE,1580015959,17,14.97,8.89,56.37,14.25
234,tilichiki,100,RU,1580015959,85,60.47,166.1,25.83,15.57
235,leningradskiy,93,RU,1580015959,95,69.38,178.42,-14.49,3.38
236,sitka,90,US,1580015364,65,57.05,-135.33,46.4,18.34
237,bengkulu,65,ID,1580015960,62,-3.8,102.27,86.88,6.4
238,wschowa,90,PL,1580015960,92,51.81,16.32,32.0,2.24
239,christchurch,33,NZ,1580015802,72,-43.53,172.63,72.0,14.99
240,contai,0,IN,1580015960,35,21.78,87.75,74.12,5.01
241,hofn,76,IS,1580015960,91,64.25,-15.21,40.62,15.55
242,kavieng,55,PG,1580015960,74,-2.57,150.8,84.49,15.28
243,yar-sale,84,RU,1580015960,98,66.83,70.83,-7.91,4.07
244,horodok,100,UA,1580015960,74,49.16,26.58,32.14,4.12
245,nalut,99,LY,1580015961,24,30.33,10.85,59.81,8.08
246,mayo,90,US,1580015961,70,38.89,-76.51,45.0,6.93
247,bowen,40,AU,1580015915,83,-20.02,148.23,84.0,5.82
248,kichmengskiy gorodok,97,RU,1580015961,92,59.98,45.79,5.2,8.66
249,santa marta,40,CO,1580015961,61,11.24,-74.2,82.4,9.17
250,kentville,90,CA,1580015788,95,45.08,-64.5,36.0,11.41
251,kodiak,90,US,1580015961,61,57.79,-152.41,17.6,12.75
252,bonga,100,ET,1580015961,48,7.28,36.23,66.92,0.31
253,grand gaube,40,MU,1580015961,78,-20.01,57.66,82.99,14.99
254,komsomolskiy,75,UZ,1580015376,74,40.43,71.72,37.4,4.7
255,hailar,68,CN,1580015962,87,49.2,119.7,7.23,6.98
256,felanitx,20,ES,1580015962,100,39.47,3.15,48.0,1.12
257,domoni,87,KM,1580015962,78,-12.26,44.53,80.91,9.75
258,bystryy istok,99,RU,1580015962,81,52.37,84.39,19.15,8.97
259,kindu,100,CD,1580015962,80,-2.95,25.95,73.38,1.72
260,castro,0,BR,1580015932,97,-24.79,-50.01,58.73,1.63
261,honningsvag,100,NO,1580015962,68,70.98,25.97,22.64,20.65
262,saskylakh,98,RU,1580015963,93,71.92,114.08,-20.65,15.55
263,sarakhs,75,IR,1580015963,93,36.54,61.16,35.6,6.93
264,qinzhou,20,CN,1580015864,59,21.95,108.62,60.67,13.82
265,adrar,100,MR,1580015963,23,20.5,-10.07,70.47,11.56
266,port blair,67,IN,1580015963,67,11.67,92.75,78.39,12.8
267,wakema,77,MM,1580015963,24,16.6,95.18,83.77,5.3
268,havoysund,75,NO,1580015963,67,71.0,24.66,21.2,21.92
269,alexandria,40,EG,1580015964,87,31.22,29.96,48.2,4.7
270,sterling,40,US,1580015964,69,39.01,-77.43,43.0,3.36
271,kargil,49,IN,1580015964,77,34.57,76.1,6.15,3.89
272,avera,1,US,1580015964,80,33.19,-82.53,44.6,5.82
273,tabuk,100,PH,1580015964,68,17.42,121.44,83.46,2.15
274,ullapool,100,GB,1580015826,85,57.9,-5.16,48.0,11.99
275,airai,58,TL,1580015964,75,-8.93,125.41,79.2,3.24
276,the valley,75,AI,1580015701,83,18.22,-63.06,79.0,2.24
277,bulungu,62,CD,1580015965,79,-4.55,18.6,75.15,1.1
278,longyearbyen,31,SJ,1580015965,70,78.22,15.64,-0.4,2.24
279,porto novo,39,BJ,1580015744,68,6.5,2.6,71.6,3.36
280,kulhudhuffushi,100,MV,1580015965,64,6.62,73.07,82.8,5.77
281,sioux lookout,90,CA,1580015965,92,50.1,-91.92,23.0,3.36
282,snezhnogorsk,75,RU,1580015965,84,69.19,33.25,6.8,2.24
283,atuona,37,PF,1580015965,76,-9.8,-139.03,81.0,14.47
284,yantarnyy,75,RU,1580015965,86,54.87,19.94,41.0,11.18
285,lukuledi,100,TZ,1580015965,91,-10.57,38.8,72.57,2.73
286,bijie,90,CN,1580015741,64,27.31,105.29,40.26,5.03
287,oeiras do para,97,BR,1580015966,97,-2.0,-49.85,75.18,2.71
288,vinukonda,5,IN,1580015966,45,16.05,79.75,84.51,3.69
289,vung tau,30,VN,1580015769,65,10.35,107.08,82.9,12.91
290,beranang,40,MY,1580015966,62,2.87,101.87,91.0,3.36
291,san cristobal,40,VE,1580015907,83,7.77,-72.22,77.0,2.24
292,kidal,100,ML,1580015966,11,18.44,1.41,69.44,9.91
293,pacific grove,90,US,1580015786,87,36.62,-121.92,60.01,4.7
294,yulara,0,AU,1580015967,9,-25.24,130.99,98.6,8.05
295,cabo san lucas,40,MX,1580015764,82,22.89,-109.91,68.0,4.7
296,berbera,90,SO,1580015967,76,10.44,45.01,78.98,15.14
297,kuzhenkino,75,RU,1580015967,89,57.76,33.95,27.16,9.22
298,conde,20,BR,1580015967,83,-7.26,-34.91,80.6,5.82
299,sinnamary,100,GF,1580015967,83,5.38,-52.95,79.5,18.25
300,menongue,99,AO,1580015967,91,-14.66,17.69,64.89,3.04
301,wanaka,85,NZ,1580015968,61,-44.7,169.15,61.77,8.66
302,hovd,100,MN,1580015968,54,48.01,91.64,14.5,2.17
303,westport,40,US,1580015968,87,41.14,-73.36,45.0,6.93
304,sept-iles,75,CA,1580015834,73,50.2,-66.38,19.4,5.82
305,marang,40,MY,1580015968,78,5.21,103.21,82.4,3.36
306,luderitz,0,NA,1580015393,82,-26.65,15.16,66.2,14.99
307,dickinson,90,US,1580015959,77,29.46,-95.05,64.99,4.7
308,kudahuvadhoo,100,MV,1580015949,78,2.67,72.89,82.08,15.14
309,lavrentiya,0,RU,1580015969,75,65.58,-171.0,-13.41,2.06
310,saint-augustin,58,CA,1580015969,83,51.23,-58.65,15.89,14.61
311,quelimane,87,MZ,1580015969,71,-17.88,36.89,81.0,3.87
312,taihe,71,CN,1580015969,62,30.87,105.38,49.24,4.97
313,dandong,59,CN,1580015969,41,40.13,124.39,34.43,12.93
314,rawson,0,AR,1580015969,52,-43.3,-65.1,67.93,29.84
315,vrangel,0,RU,1580015969,49,42.73,133.08,29.21,20.11
316,nouadhibou,100,MR,1580015970,72,20.93,-17.03,62.6,21.92
317,chernyshevskiy,100,RU,1580015970,97,63.01,112.47,16.41,6.4
318,miechow,90,PL,1580015970,92,50.36,20.03,30.0,4.7
319,mandalgovi,0,MN,1580015393,62,45.76,106.27,22.08,12.8
320,araouane,90,ML,1580015970,11,18.9,-3.53,71.06,7.27
321,harper,20,LR,1580015970,96,4.38,-7.72,75.81,1.12
322,lazaro cardenas,61,MX,1580015970,87,17.96,-102.2,70.84,2.57
323,fairbanks,1,US,1580015760,66,64.84,-147.72,-9.99,5.21
324,comodoro rivadavia,19,AR,1580015971,40,-45.87,-67.5,68.0,14.99
325,el tigre,99,VE,1580015971,79,8.89,-64.25,72.46,10.54
326,kichera,100,RU,1580015971,92,55.94,110.1,13.19,4.03
327,klaksvik,100,FO,1580015971,100,62.23,-6.59,44.6,21.92
328,teya,78,RU,1580015971,82,60.38,92.63,12.29,10.38
329,auki,44,SB,1580015971,66,-8.77,160.7,85.3,3.62
330,salinopolis,100,BR,1580015971,78,-0.61,-47.36,82.31,11.99
331,olinda,40,BR,1580015972,78,-8.01,-34.86,82.4,3.36
332,kayes,77,ML,1580015972,10,14.0,-11.0,70.47,2.28
333,cap malheureux,40,MU,1580015972,78,-19.98,57.61,82.99,14.99
334,nachingwea,100,TZ,1580015972,91,-10.38,38.77,72.57,2.73
335,xai-xai,21,MZ,1580015972,65,-25.05,33.64,80.4,8.88
336,troitskoye,85,RU,1580015972,83,52.98,84.68,17.83,9.1
337,epe,72,NG,1580015972,38,6.58,3.98,66.38,5.1
338,tevaitoa,55,PF,1580015972,73,-16.78,-151.5,83.01,9.46
339,margate,75,GB,1580015972,93,51.38,1.39,46.99,6.93
340,tabou,20,CI,1580015973,96,4.42,-7.35,75.81,1.12
341,novaya ladoga,77,RU,1580015973,90,60.1,32.3,27.7,5.84
342,gejiu,72,CN,1580015973,55,23.31,103.16,53.49,0.96
343,varkkallai,20,IN,1580015973,62,8.73,76.71,86.0,4.7
344,quang ngai,94,VN,1580015973,81,15.12,108.8,77.02,12.77
345,listvyanka,100,RU,1580015973,61,51.85,104.87,12.2,6.71
346,carire,99,BR,1580015973,92,-3.95,-40.47,75.0,0.36
347,tiarei,40,PF,1580015974,74,-17.53,-149.33,84.2,6.93
348,udachnyy,100,RU,1580015974,74,66.42,112.4,-25.6,6.71
349,saryg-sep,23,RU,1580015974,85,51.5,95.6,12.52,1.79
350,sibolga,24,ID,1580015958,84,1.74,98.78,82.92,2.73
351,nioro,67,GM,1580015974,23,13.35,-15.75,72.3,7.25
352,ivanteyevka,75,RU,1580015974,74,55.97,37.92,32.0,11.18
353,kaa-khem,53,RU,1580015974,84,51.68,94.73,3.88,0.22
354,gendringen,90,NL,1580015974,100,51.87,6.38,37.0,6.93
355,emirdag,34,TR,1580015975,51,39.02,31.15,32.34,5.79
356,phan thiet,33,VN,1580015975,51,10.93,108.1,86.16,10.2
357,bata,20,GQ,1580015975,100,1.86,9.77,77.0,3.56
358,yumen,0,CN,1580015975,47,40.28,97.2,26.78,1.92
359,sorland,100,NO,1580015954,65,67.67,12.69,35.44,27.36
360,uzunovo,90,RU,1580015975,87,54.54,38.62,25.95,11.81
361,cardston,5,CA,1580015975,84,49.2,-113.3,34.0,10.29
362,kununurra,63,AU,1580015975,50,-15.77,128.73,95.0,5.82
363,saint george,1,US,1580015721,57,37.1,-113.58,46.99,5.82
364,meulaboh,100,ID,1580015976,76,4.14,96.13,82.9,5.59
365,shenjiamen,100,CN,1580015976,93,29.96,122.3,52.93,24.29
366,alugan,1,PH,1580015976,78,12.22,125.48,82.08,9.57
367,qui nhon,78,VN,1580015960,69,13.77,109.23,83.19,6.71
368,tezu,0,IN,1580015976,30,27.92,96.17,67.91,3.89
369,moanda,40,GA,1580015976,100,-1.56,13.22,71.6,1.34
370,kuminskiy,100,RU,1580015976,94,58.67,66.57,10.11,7.05
371,chlorakas,75,CY,1580015977,81,34.8,32.41,46.4,6.93
372,staryy nadym,88,RU,1580015977,100,65.61,72.68,-9.6,3.29
373,great bend,1,US,1580015977,92,38.36,-98.76,32.0,6.11
374,san rafael,0,AR,1580015977,34,-34.62,-68.33,73.62,0.87
375,elat,0,IL,1580015977,42,29.56,34.95,44.6,9.17
376,valleyview,0,CA,1580015977,89,55.07,-117.29,24.12,3.91
377,port-cartier,75,CA,1580015708,73,50.03,-66.87,19.4,5.82
378,porto velho,40,BR,1580015834,94,-8.76,-63.9,78.8,1.12
379,ahipara,97,NZ,1580015380,68,-35.17,173.17,82.0,1.01
380,buala,2,SB,1580015978,66,-8.14,159.59,85.98,6.35
381,arica,90,CL,1580015978,78,-18.48,-70.3,77.0,5.82
382,waipawa,36,NZ,1580015978,73,-41.41,175.52,71.6,24.16
383,olesnica,100,PL,1580015978,100,51.21,17.39,23.0,2.24
384,pisco,90,PE,1580015978,83,-13.7,-76.22,73.4,16.11
385,roald,100,NO,1580015978,75,62.58,6.13,46.4,11.41
386,broome,90,US,1580015978,94,42.25,-75.83,35.01,4.7
387,wanning,97,CN,1580015978,85,18.8,110.4,63.01,11.77
388,santa rosa,75,PH,1580015979,66,14.31,121.11,88.0,5.82
389,bergerac,96,FR,1580015979,100,44.83,0.5,46.0,3.36
390,asfi,9,MA,1580015383,90,32.3,-9.24,48.7,3.09
391,shizunai,20,JP,1580015979,62,42.33,142.37,19.98,7.52
392,tiznit,46,MA,1580015979,86,29.58,-9.5,46.22,4.72
393,kyren,97,RU,1580015979,58,51.68,102.14,21.83,2.51
394,hailun,32,CN,1580015979,90,47.45,126.93,6.71,7.67
395,balkanabat,28,TM,1580015979,55,39.51,54.37,36.05,0.98
396,guadalupe y calvo,14,MX,1580015949,92,26.1,-106.97,40.15,3.8
397,bundaberg,40,AU,1580015980,43,-24.85,152.35,88.0,11.41
398,pevek,100,RU,1580015980,94,69.7,170.31,-7.35,0.94
399,luwuk,25,ID,1580015980,72,-0.95,122.79,84.02,6.33
400,nelson bay,51,AU,1580015980,49,-32.72,152.15,93.2,17.22
401,ogaminana,26,NG,1580015980,19,7.59,6.22,62.44,2.26
402,koslan,97,RU,1580015980,97,63.46,48.9,-5.12,2.24
403,grand forks,90,US,1580015684,92,47.93,-97.03,21.99,8.05
404,manzhouli,67,CN,1580015980,91,49.6,117.43,5.79,4.45
405,nanortalik,83,GL,1580015981,74,60.14,-45.24,22.89,28.32
406,esperance,68,AU,1580015981,48,-33.87,121.9,82.4,13.87
407,nazilli,99,TR,1580015981,69,37.92,28.32,36.3,0.54
408,paamiut,44,GL,1580015981,66,61.99,-49.67,17.19,25.59
409,pangnirtung,100,CA,1580015981,99,66.15,-65.71,-37.46,2.84
410,kawalu,75,ID,1580015906,69,-7.38,108.21,82.18,6.6
411,vagay,100,RU,1580015981,92,57.94,69.02,13.93,7.49
412,fortuna,90,US,1580015797,87,40.6,-124.16,57.2,9.17
413,ulladulla,40,AU,1580015777,46,-35.35,150.47,93.2,18.34
414,miraflores,40,MX,1580015982,51,19.22,-98.81,59.0,5.82
415,beloha,8,MG,1580015982,45,-25.17,45.05,82.42,10.98
416,sangar,0,RU,1580015982,89,63.92,127.47,-32.42,5.7
417,hami,0,CN,1580015240,58,42.8,93.45,18.55,2.64
418,aitape,35,PG,1580015982,81,-3.14,142.35,83.93,16.58
419,mahdasht,0,IR,1580015982,79,35.73,50.81,33.8,9.17
420,tura,0,IN,1580015982,42,25.52,90.22,73.06,4.09
421,nantucket,90,US,1580015966,100,41.28,-70.1,50.0,17.22
422,fukue,75,JP,1580015983,66,32.69,128.84,55.4,13.87
423,elesbao veloso,100,BR,1580015983,81,-6.2,-42.14,76.87,1.25
424,kirakira,3,SB,1580015983,82,-10.45,161.92,82.09,7.76
425,mogadishu,20,SO,1580015983,74,2.04,45.34,78.8,12.75
426,quatre cocos,40,MU,1580015984,78,-20.21,57.76,82.99,14.99
427,falam,0,MM,1580015984,18,22.92,93.68,66.33,4.56
428,rio claro,0,BR,1580015984,84,-22.41,-47.56,62.53,1.28
429,burns lake,0,CA,1580015984,96,54.23,-125.75,20.86,3.04
430,amga,0,RU,1580015984,93,60.9,131.96,-30.35,1.74
431,nhulunbuy,40,AU,1580015984,79,-12.23,136.77,84.2,9.17
432,henties bay,1,NA,1580015984,96,-22.12,14.28,63.0,4.74
433,noshiro,75,JP,1580015984,56,40.2,140.02,37.4,8.05
434,rio grande,42,BR,1580015984,95,-32.03,-52.1,68.0,5.06
435,nyaunglebin,39,MM,1580015985,17,17.95,96.73,87.66,2.44
436,dinguiraye,84,GN,1580015883,13,11.3,-10.72,65.64,1.5
437,pangkalanbuun,88,ID,1580015985,49,-2.68,111.62,93.97,2.15
438,babushkin,93,RU,1580015985,83,51.71,105.86,18.7,4.41
439,itarema,68,BR,1580015985,95,-2.92,-39.92,76.01,4.41
440,baculin,8,PH,1580015985,83,7.45,126.58,79.03,4.56
441,berdsk,80,RU,1580015960,78,54.76,83.1,10.4,17.9
442,brae,100,GB,1580015986,87,60.4,-1.35,46.4,18.34
443,bereznik,27,RU,1580015986,98,62.86,42.71,-8.01,3.29
444,pitimbu,20,BR,1580015986,94,-7.47,-34.81,78.8,4.7
445,ulaanbaatar,0,MN,1580015868,60,47.91,106.88,5.0,2.24
446,pochutla,5,MX,1580015986,74,15.74,-96.47,78.8,7.61
447,ixtapa,90,MX,1580015986,94,20.7,-105.2,71.6,4.7
448,elbistan,0,TR,1580015987,56,38.21,37.2,21.58,1.28
449,sudogda,100,RU,1580015987,80,55.95,40.86,25.72,13.13
450,san vicente,0,AR,1580015987,76,-26.62,-54.13,64.09,2.15
451,cerrito,75,CO,1580015987,100,6.84,-72.69,68.0,3.36
452,labuhan,15,ID,1580015987,68,-6.88,112.21,86.83,3.31
453,dera ghazi khan,0,PK,1580015987,30,30.06,70.63,67.64,11.39
454,ostrovnoy,100,RU,1580015409,98,68.05,39.51,4.8,9.48
455,chernyy yar,98,RU,1580015987,84,48.06,46.11,34.11,20.07
456,laguna,75,US,1580015406,93,38.42,-121.42,59.0,6.93
457,cuamba,64,MZ,1580015988,81,-14.8,36.54,74.3,2.57
458,aberfeldy,75,GB,1580015988,75,56.62,-3.86,46.4,10.29
459,sol-iletsk,100,RU,1580015988,96,51.16,54.99,29.7,21.92
460,russkaya polyana,28,UA,1580015988,93,49.42,31.92,30.13,8.08
461,codrington,100,AU,1580015988,74,-38.27,141.97,61.09,15.05
462,maracaju,0,BR,1580015988,85,-21.61,-55.17,66.2,0.67
463,ostersund,100,SE,1580015959,75,63.18,14.64,41.0,23.04
464,sakakah,75,SA,1580015988,69,29.97,40.21,46.4,3.06
465,dublin,90,US,1580015777,87,37.7,-121.94,61.0,1.72
466,kihei,20,US,1580015989,69,20.79,-156.47,73.4,3.36
467,arman,100,RU,1580015989,87,59.7,150.17,-0.83,20.71
468,jorpeland,75,NO,1580015989,100,59.02,6.04,45.0,11.41
469,yeppoon,40,AU,1580015922,49,-23.13,150.73,89.6,11.41
470,szurdokpuspoki,90,HU,1580015989,100,47.86,19.69,30.99,4.7
471,mwense,100,ZM,1580015989,99,-10.38,28.7,65.71,1.12
472,itaueira,100,BR,1580015989,82,-7.6,-43.03,73.96,2.64
473,itupiranga,90,BR,1580015990,100,-5.13,-49.33,75.2,3.36
474,khorinsk,36,RU,1580015990,74,52.17,109.77,11.39,1.77
475,cockburn town,0,TC,1580015990,76,21.46,-71.14,75.87,14.09
476,viedma,71,AR,1580015990,43,-40.81,-63.0,65.41,15.3
477,hualmay,100,PE,1580015990,74,-11.1,-77.61,73.0,3.49
478,katsuura,75,JP,1580015990,81,35.13,140.3,43.0,4.7
479,rudsar,0,IR,1580015990,80,37.14,50.29,41.0,2.53
480,bandarbeyla,27,SO,1580015990,79,9.49,50.81,78.3,19.06
481,kasongo,100,CD,1580015991,86,-4.45,26.67,74.39,2.51
482,kankakee,90,US,1580015991,93,41.15,-87.87,33.01,13.87
483,shimoda,75,JP,1580015991,87,34.67,138.95,46.4,17.22
484,bowmore,1,US,1580015991,93,34.94,-79.3,42.8,4.23
485,west wendover,90,US,1580015991,83,40.74,-114.07,35.6,1.79
486,disraeli,75,CA,1580015991,93,45.9,-71.35,34.0,5.82
487,nangomba,100,TZ,1580015991,94,-10.9,38.5,73.49,3.02
488,nevsehir,0,TR,1580015991,73,38.92,34.67,23.0,8.05
489,alice springs,13,AU,1580015939,9,-23.7,133.88,98.6,13.87
490,dingle,54,PH,1580015992,71,11.0,122.67,85.28,5.03
491,puerto madryn,0,AR,1580015992,33,-42.77,-65.04,70.75,26.26
492,bagnes,69,CH,1580015992,80,46.08,7.22,35.01,5.82
493,kuningan,89,ID,1580015992,69,-6.98,108.48,83.79,3.13
494,bacungan,20,PH,1580015992,62,9.91,118.7,89.6,13.87
495,san matias,94,BO,1580015992,65,-16.37,-58.4,79.0,2.84
496,jefferson city,90,US,1580015993,86,38.58,-92.17,34.0,1.57
497,ballina,75,AU,1580015993,74,-28.87,153.57,87.8,17.22
498,berlevag,100,NO,1580015993,73,70.86,29.09,22.77,24.79
499,tyazhinskiy,77,RU,1580015993,84,56.12,88.52,17.04,13.78
500,dakar,66,SN,1580015993,73,14.69,-17.44,69.8,23.04
501,hay river,75,CA,1580015721,92,60.82,-115.8,14.0,8.05
502,nogales,1,MX,1580015993,70,31.31,-110.94,50.0,4.7
503,craigieburn,75,AU,1580015994,73,-37.6,144.95,79.0,12.75
504,harindanga,0,IN,1580015994,68,22.04,88.32,66.2,5.59
505,cabedelo,20,BR,1580015994,94,-6.98,-34.83,78.8,4.7
506,gornopravdinsk,95,RU,1580015741,96,60.05,69.9,-3.23,6.55
507,sangin,0,AF,1580015994,57,32.07,64.84,47.08,4.54
508,srednekolymsk,100,RU,1580015994,97,67.45,153.68,-23.35,2.1
509,carutapera,100,BR,1580015995,81,-1.2,-46.02,81.19,19.91
510,okhotsk,100,RU,1580015995,76,59.38,143.3,-8.61,14.74
511,aleksandrov gay,50,RU,1580015995,84,50.15,48.57,27.63,19.01
512,ponta delgada,40,PT,1580015995,82,37.73,-25.67,57.2,2.24
513,songjianghe,0,CN,1580015995,58,42.19,127.48,27.3,1.41
514,rio gallegos,0,AR,1580015995,57,-51.62,-69.22,48.2,18.34
515,northam,43,GB,1580015995,92,51.03,-4.22,46.99,10.0
516,rulenge,99,TZ,1580015996,88,-2.72,30.63,66.47,0.09
517,ulaangom,100,MN,1580015996,90,49.98,92.07,1.44,0.87
518,jijiga,98,ET,1580015996,71,9.35,42.8,65.48,13.89
519,bathsheba,40,BB,1580015996,88,13.22,-59.52,75.2,6.93
520,napasar,0,IN,1580015996,25,27.97,73.55,72.9,4.72
521,coquimbo,20,CL,1580015996,93,-29.95,-71.34,62.6,2.91
522,belmopan,2,BZ,1580015981,100,17.25,-88.77,68.0,2.64
523,la rioja,75,ES,1580015997,100,42.25,-2.5,41.0,4.7
524,nkhotakota,92,MW,1580015997,75,-12.93,34.3,78.1,6.58
525,san quintin,2,MX,1580015997,89,30.48,-115.95,57.74,2.17
526,vardo,100,NO,1580015997,75,70.37,31.11,23.07,32.21
527,pitsunda,20,GE,1580015997,64,43.16,40.34,33.8,15.66
528,tromso,75,NO,1580015997,92,69.65,18.96,15.8,3.36
529,dubovyy umet,90,RU,1580015997,92,52.98,50.29,28.4,4.47
530,tyukalinsk,99,RU,1580015998,89,55.87,72.2,15.6,17.0
531,murdochville,100,CA,1580015998,95,48.96,-65.5,16.75,4.23
532,petropavlovsk-kamchatskiy,90,RU,1580015998,100,53.05,158.65,26.6,4.47
533,ushibuka,100,JP,1580015998,86,32.19,130.02,56.26,16.15
534,biloela,99,AU,1580015998,53,-24.42,150.5,86.79,11.41
535,suntar,100,RU,1580015998,94,62.14,117.63,17.26,9.6
536,palmeirais,92,BR,1580015998,85,-5.98,-43.06,75.18,4.18
537,pakxan,30,LA,1580015999,69,18.38,103.66,75.13,4.99
538,furano,40,JP,1580015999,66,43.28,142.47,15.8,4.7
539,beverley,97,GB,1580015999,93,53.85,-0.42,45.0,10.29
540,hohhot,0,CN,1580015752,50,40.81,111.65,30.2,2.24
541,mopipi,9,BW,1580015999,42,-21.18,24.88,82.47,5.99
542,lakatoro,20,VU,1580015999,70,-16.1,167.42,86.0,8.05
543,parakou,22,BJ,1580015999,15,9.34,2.63,60.85,5.95
544,necochea,0,AR,1580015824,91,-38.55,-58.74,51.01,1.99
545,halden,100,NO,1580015999,93,59.12,11.39,42.01,10.29
546,nicoya,3,CR,1580016000,73,10.15,-85.45,73.4,3.36
547,dafeng,2,CN,1580016000,61,23.45,108.59,54.25,8.03
548,flinders,40,AU,1580016000,46,-34.58,150.86,93.2,18.34
549,nileshwar,45,IN,1580016000,65,12.25,75.1,82.4,3.36
550,troyes,58,FR,1580016000,100,48.33,4.08,35.6,3.36
551,palmer,90,US,1580016000,100,42.16,-72.33,45.0,5.1
552,itapora,0,BR,1580016001,83,-22.08,-54.79,66.42,0.72
553,mount gambier,40,AU,1580016001,49,-37.83,140.77,71.6,14.99
554,ginir,92,ET,1580016001,66,7.13,40.7,67.39,2.71
555,brigantine,1,US,1580016001,75,39.41,-74.36,42.8,8.05
556,liwale,100,TZ,1580016001,97,-9.77,37.93,70.93,4.43
557,abnub,0,EG,1580016001,80,27.27,31.15,39.2,9.17
558,mango,1,US,1580016001,87,27.98,-82.31,57.99,7.29
559,kitui,100,KE,1580016001,87,-1.37,38.01,70.09,4.59
560,solano,90,US,1580016002,93,38.23,-121.95,59.0,5.82
561,khon buri,100,TH,1580016002,55,14.53,102.25,99.0,8.05
562,souillac,40,MU,1580016002,78,-20.52,57.52,82.99,14.99
563,saldanha,59,ZA,1580016002,87,-33.01,17.94,60.8,2.24
564,mackay,75,AU,1580015419,88,-21.15,149.2,86.0,9.17
565,santa cecilia,0,BR,1580016002,69,-26.96,-50.43,54.25,1.97
566,karnobat,22,BG,1580016002,83,42.65,26.98,37.99,6.93
567,mayumba,44,GA,1580016003,74,-3.43,10.66,83.05,1.7
568,xinqing,0,CN,1580016003,76,48.23,129.5,8.51,5.68
569,bakel,66,SN,1580016003,10,14.9,-12.46,73.26,8.37
570,panaba,0,MX,1580016003,86,21.28,-88.27,68.88,8.14
571,tripoli,100,LY,1580016003,55,32.88,13.19,65.62,12.3
572,tamiahua,82,MX,1580016003,91,21.27,-97.45,72.07,1.25
573,nola,66,IT,1580016003,93,40.92,14.53,53.6,2.24
